facility_npi,facility_name,facility_type,hospital_type,parent_organization,data_source
,ED-I,ER,,,
,E/R,ER,,,
,IMCU,ICU,,,
,N.NUICU,ICU,,,
,EDBEDREQTM,ER,,,
,SLEEP,ER,,,
,EDPREREF,ER,,,
,PULM,ER,,,
,JP.ED,ER,,,
,3RD-ICU,ICU,,,
,EMR,ER,,,
,EDTRNSPTSTS,ER,,,
,JICU,ICU,,,
,ICCU,ICU,,,
,KA.ED,ER,,,
,CVICU,ICU,,,
,CC.ED,ER,,,
,ER,ER,,,
,2DH,ICU,,,
,EMR PED,ER,,,
,4DH,ICU,,,
,HCVI,ICU,,,
,FED,ER,,,
,LAB EV,ER,,,
,EDZIP,ER,,,
,C.MSICU,ICU,,,
,COL.ER,ER,,,
,EDPREPOV,ER,,,
,NEPC,ER,,,
,EDADMNB,ER,,,
,EDPREINO,ER,,,
,C.EDA,ER,,,
,D.ICU,ICU,,,
,LB.ED,ER,,,
,MICUSO,ICU,,,
,EDDEPER,ER,,,
,H.EROB,ER,,,
,EEVIPCON,ER,,,
,FEDHOLD,ER,,,
,N.ICU,ICU,,,
,ICU-2,ICU,,,
,ICUE,ICU,,,
,FBCO,ER,,,
,II,ICU,,,
,CCU,ICU,,,
,EDBEDREQDT,ER,,,
,ERH,ER,,,
,NED,ER,,,
,EDPREIN,ER,,,
,H.EROB2,ER,,,
,MICUNO,ICU,,,
,EDINS,ER,,,
,EMEROO,ER,,,
,6ICU,ICU,,,
,EDPREOB,ER,,,
,2CH,ICU,,,
,SED,ER,,,
,EDBD,ER,,,
,EME,ER,,,
,C.ER,ER,,,
,EC,ER,,,
,ED HOLD,ER,,,
,MW.ICU,ICU,,,
,HOR,ER,,,
,EDHOLD,ER,,,
,JERFT,ER,,,
,C.EDB,ER,,,
,JP.ICU,ICU,,,
,H.ICU/CCU,ICU,,,
,Y3E,ICU,,,
,EDTRNSPT,ER,,,
,EDIP,ER,,,
,M.ERS,ER,,,
,JD.ED,ER,,,
,EDSTATUS,ER,,,
,FXPCDR,ER,,,
,EDPRIMLOC,ER,,,
,N.ED,ER,,,
,D.EDHOLD,ER,,,
,3DH,ICU,,,
,LL.ED,ER,,,
,FB.ED,ER,,,
,4AH,ER,,,
,PHRSP,ICU,,,
,FXFC,ER,,,
,EDOF,ER,,,
,NM,ER,,,
,D.CVICU,ICU,,,
,SICU,ICU,,,
,RT,ER,,,
,D.ER,ER,,,
,EDBEDREQ,ER,,,
,ICUW,ICU,,,
,4WEST,ICU,,,
,EDADMINO,ER,,,
,2SICU,ICU,,,
,EDGUAR,ER,,,
,JD.ICU,ICU,,,
,FB.ICU,ICU,,,
,NEPD,ER,,,
,EDPRESDC,ER,,,
,JERBED,ER,,,
,M ED,ER,,,
,CED,ER,,,
,NAV ERS,ER,,,
,MIC,ICU,,,
,ICU,ICU,,,
,GNO,ER,,,
,EDSEX,ER,,,
,M.ICU,ICU,,,
,EMEROOGRE,ER,,,
,EDPRECLI,ER,,,
,MW.ED,ER,,,
,NICU,ICU,,,
,ERS,ER,,,
,DL.ED,ER,,,
,NEDH,ER,,,
,EMEROOARM,ER,,,
,M ED INP,ER,,,
,EDREGREF,ER,,,
,CRI,ICU,,,
,BURERS,ER,,,
,EDH,ER,,,
,5EC,ER,,,
,MED,ER,,,
,CFH,,,,
,DIABETIC,,,,
,SDS,,,,
,FXATTDR,,,,
,C.OPB,,,,
,SURG B,,,,
,M LDO,,,,
,FSGY,,,,
,KCIC MRI,,,,
,J7W,,,,
,MEDTELE,,,,
,C.MHU,,,,
,RADFLWHC,,,,
,BPCH,,,,
,WCC,,,,
,M LABDRAWP,,,,
,C.RC,,,,
,U/S,,,,
,ENT,,,,
,ZLAB.STJ,,,,
,CARDLAB,,,,
,JBLOOD,,,,
,EDSCHCLI,,,,
,EDDEPCLI,,,,
,SDSOVERFLO,,,,
,ORSCSDS,,,,
,O/R,,,,
,SCSULT,,,,
,M.MRI,,,,
,MTU,,,,
,6N,,,,
,PROCWHC3,,,,
,EMEROOPIK,ER,,,
,ICU 2S,ICU,,,
,EMS,ER,,,
,C.ED,ER,,,
,RAD,ER,,,
,CPRE,ICU,,,
,M NNB,ICU,,,
,IC,ICU,,,
,VM.ED,ER,,,
,H.ER,ER,,,
,5WST,ER,,,
,JLDR,,,,
,NEDAMB,,,,
,FXOUTPSVC,,,,
,RADFLMAIN,,,,
,2 NORTH,,,,
,D.CLR,,,,
,M SMT PRO,,,,
,MPD,,,,
,FASUSAT,,,,
,H.SDS,,,,
,US,,,,
,SCSER,,,,
,EROBS,ER,,,
,NACU,ICU,,,
,1 WEST ICU,ICU,,,
,LABWHC1,,,,
,BURRAD,,,,
,D.US,,,,
,C.LD,,,,
,NEPE,,,,
,C.RADBC,,,,
,TOM,,,,
,M.CRD,,,,
,2SE,,,,
,F3N,,,,
,FLAB,,,,
,FXSDCRRACCOM,,,,
,OPSURG,,,,
,LAB HH,,,,
,LB,,,,
,H250,,,,
,D,,,,
,FRAD,,,,
,UCCORT,,,,
,RADECHMAIN,,,,
,4TH,,,,
,C.EROB,ER,,,
,EDADMIN,ER,,,
,H.ERHOLD,ER,,,
,EDPREER,ER,,,
,ERHOLD,ER,,,
,CEDHOLD,ER,,,
,PREOP,ER,,,
,EDPRENB,ER,,,
,ERHI,ER,,,
,MEDSURG A,ICU,,,
,ED,ER,,,
,JASU-SURG,,,,
,FIMAGING,,,,
,6EST,,,,
,SUOTHDR,,,,
,LDRP,,,,
,D.HCCARDIO,,,,
,N03,,,,
,MKS.ESL.PT,,,,
,FLD,,,,
,APU,,,,
,FB.NSY,,,,
,HNIC,,,,
,CIR.AMB,,,,
,RADBDWWP,,,,
,5SO,,,,
,WSOH,,,,
,D.LAB,,,,
,JP.2SS,,,,
,8WST,,,,
,LABRHC,,,,
,IMCU/EMU,,,,
,AMSURD,,,,
,MNTWWP,,,,
,SCH,,,,
,NS,,,,
,CDU,,,,
,BICBD,,,,
,C.NRED,,,,
,DIAL,,,,
,M RADPRO,,,,
,PEDS,,,,
,TBA,,,,
,REHAB,,,,
,SURS,,,,
,MMGSC,,,,
,NEPHCDU,,,,
,EDBEDREQSVC,ER,,,
,C.EMPHLA,ER,,,
,EDPRERCR,ER,,,
,EDUNIT#,ER,,,
,ENPRESDC,,,,
,LAB SHORT,,,,
,M SFHCPLAZ,,,,
,PED,,,,
,RADXRYALE,,,,
,CCC,,,,
,EKG,,,,
,M SFHCCLAY,,,,
,EDPENDDISTM,ER,,,
,SUATTDRO,,,,
,ROC,,,,
,X.SURG,,,,
,LDOP,,,,
,6PED,,,,
,HCIN,,,,
,LL.SDS,,,,
,4 NORTH,,,,
,FXSDCACCOM,,,,
,NEPI,,,,
,MADCT,,,,
,OH,,,,
,JP.NSY,,,,
,WSC,,,,
,OP,,,,
,C.SLEEP,,,,
,EDREGER,,,,
,CAR,,,,
,NEDA,,,,
,CATHCVL,,,,
,2ND-WC,,,,
,C.GI,,,,
,LDIP,,,,
,BHS,,,,
,NAV ULT,,,,
,FNA,,,,
,GPSOV2,,,,
,3NENU,,,,
,LAB,,,,
,ENTRNSPT,,,,
,C.LABPBG,,,,
,M LABDRAW1,,,,
,PHED,,,,
,EDREGRCR,,,,
,3E,,,,
,JD.OBCHECK,,,,
,N.OR,,,,
,5E,,,,
,ECT,,,,
,H6EA,,,,
,WOU,,,,
,INPPIK,,,,
,M.PUL,,,,
,M LRY,,,,
,N.3E,,,,
,LAB FUT,,,,
,NEUROMAIN,,,,
,M OT,,,,
,C.CATH,,,,
,ULTRA,,,,
,NONPT,,,,
,MEDJ,,,,
,M.REH,,,,
,H.STEP,,,,
,CONVCARE,,,,
,BURLAB,,,,
,EAST,,,,
,J3CN,,,,
,KA.SDS,,,,
,M.TBA-ER,,,,
,LABPV,,,,
,PAN,,,,
,DL.MS,,,,
,SLB,,,,
,BHBA,,,,
,TELE-EAST,,,,
,BHLMT,,,,
,OBOUT,,,,
,MSU,,,,
,WOUND CARE,,,,
,C.RAD,,,,
,CPPFTMAIN,,,,
,L&D-LIB,,,,
,C.CCL,,,,
,DIETCN,,,,
,RADUSWWP,,,,
,MADERS,,,,
,H.ENDO,,,,
,SPVWC,,,,
,3BNU,,,,
,RESCLI,,,,
,OD,,,,
,RAH,,,,
,WSo,,,,
,SURGERY,,,,
,4EAST,,,,
,STS,,,,
,2ND,,,,
,2S,,,,
,D.RAD,,,,
,GMAL,,,,
,ENPREPOV,,,,
,N.4E,,,,
,3EX,,,,
,LITH,,,,
,C.LAB1850,,,,
,M OPP,,,,
,BHSO,,,,
,PH3,,,,
,NAV LAB,,,,
,N.SDSINP,,,,
,CARD DIAG,,,,
,BURULT,,,,
,MCA,,,,
,3EC,,,,
,ENDEPER,,,,
,C.LABMFLN,,,,
,Rad HDHVI,,,,
,FXREGCLI,,,,
,C.LABBFT,,,,
,3 SO LND,,,,
,B2S,,,,
,N05A,,,,
,J5S,,,,
,H.MEDSURG1,,,,
,LB.MS,,,,
,MADMS,,,,
,SDC/OP,,,,
,SOUTH,,,,
,BICULT,,,,
,TRA,,,,
,3AH,,,,
,WSPT,,,,
,HPAC,,,,
,4BH,,,,
,CANRESERV,,,,
,N04B,,,,
,MCHNICU,,,,
,DBWHC3,,,,
,OLC,,,,
,NAUD,,,,
,ADDOUTLOC,,,,
,SUCONDR,,,,
,STAR,,,,
,LAB.F,,,,
,Y3N,,,,
,ZZGRANDUC,,,,
,UNDODISIN,,,,
,GMAB,,,,
,PC,,,,
,3SW,,,,
,M.CL,,,,
,N04A,,,,
,NEURO,,,,
,INTRAD,,,,
,SPEECH,,,,
,HBO,,,,
,BMCIMAGING,,,,
,HSDI,,,,
,FXSDCSVC,,,,
,NUC,,,,
,M NBNUR,,,,
,ORD,,,,
,OIH,,,,
,RESP,,,,
,PREOBSVTOIN,,,,
,SKLAB2,,,,
,ENSCHCLI,,,,
,OFIC 805,,,,
,ENPRENB,,,,
,M.2W,,,,
,HOBED,,,,
,PT,,,,
,DCLOUNGE,,,,
,3ANU,,,,
,JD.NSY,,,,
,ENDOS,,,,
,ENBEDREQ,,,,
,DI,,,,
,C.MRIBC,,,,
,M ADAMS,,,,
,ORTHO,,,,
,1NENULAB,,,,
,LC,,,,
,FOB,,,,
,CACL,,,,
,N03A,,,,
,RAD-FRANK,,,,
,JASUSAT,,,,
,LDH,,,,
,DI.S,,,,
,EDDISNB,,,,
,PETSC,,,,
,64 CT,,,,
,SUADMDR,,,,
,2NE,,,,
,SUH,,,,
,PHICU,,,,
,NEWBEG,,,,
,ATP,,,,
,JCHEMO,,,,
,FNSY,,,,
,3B-SURG,,,,
,CTENTCT,,,,
,J4S,,,,
,WOUND,,,,
,PEDOP,,,,
,RT.S,,,,
,DTH,,,,
,DL.OBCHECK,,,,
,PNR,,,,
,TF,,,,
,RADMAMWWP,,,,
,SURH,,,,
,CANBEDREQ,,,,
,4 SOUTHEST,,,,
,FBPOP,,,,
,4L1N,,,,
,FCC-LAB,,,,
,C.MSW,,,,
,SRD,,,,
,EDREGPOV,,,,
,LABHHL,,,,
,BMCLAB,,,,
,GEROPSY,,,,
,FSED,,,,
,RADNMMAIN,,,,
,MCHOBOUT,,,,
,1NENUPED,,,,
,N.TELEN,,,,
,DXRAD,,,,
,C.2T,,,,
,H.OB/GYN,,,,
,M.INT,,,,
,GMAM,,,,
,PHSDC,,,,
,LAC,,,,
,PAGE,,,,
,2SW,,,,
,M RAD,,,,
,C.RDSM,,,,
,CIMAGING,,,,
,D.OPS,,,,
,C.MRI,,,,
,CATH,,,,
,SLEEPLAB,,,,
,FB.MS,,,,
,RADPETMAIN,,,,
,GERO,,,,
,LABMALL,,,,
,IRF,,,,
,CC.FCMC,,,,
,CR,,,,
,KCIC MAMMO,,,,
,2SOUTH,,,,
,SUPCPDRO,,,,
,C.OBG,,,,
,4EST,,,,
,SURG-SUITE,,,,
,1ANU,,,,
,M CLY,,,,
,5N,,,,
,M SPECPROG,,,,
,VRC,,,,
,ORWHC2ENDO,,,,
,ECHO,,,,
,1NO,,,,
,MW.OB,,,,
,OROUT,,,,
,MAMO,,,,
,LAB.N,,,,
,C.ULTR,,,,
,4FBP,,,,
,MA,,,,
,JOR,,,,
,FRADUS-SUR,,,,
,M SFHCLUC,,,,
,SUCTION,,,,
,ULT,,,,
,DS,,,,
,AMB,,,,
,C.SDS,,,,
,SURGPAT,,,,
,3NW,,,,
,COL.VAS,,,,
,FECT,,,,
,ENDEPCLI,,,,
,DELTRNSPT,,,,
,M NICU,,,,
,4S,,,,
,3WEST,,,,
,SURG,,,,
,NURS,,,,
,MU,,,,
,C.NSY,,,,
,MEDS,,,,
,MEDSG1,,,,
,MSO,,,,
,PSYC,,,,
,RD,,,,
,LAB UVN,,,,
,H.NL2,,,,
,SURG A,,,,
,TBSIIMAG,,,,
,UNDODISOB,,,,
,D.PAN,,,,
,M SFHCADAM,,,,
,EDDISRCR,,,,
,SCSRAD,,,,
,OBS/DEL,,,,
,LABNPT,,,,
,LB.SDS,,,,
,SSVSNF2,,,,
,PTMAIN,,,,
,ENPRECLI,,,,
,2NO,,,,
,HSDC,,,,
,ZZPBJ,,,,
,COL.RAD,,,,
,PTY,,,,
,H1EA,,,,
,4NBN,,,,
,INOR,,,,
,HPND,,,,
,2RNO,,,,
,SSTAY O,,,,
,HLAB,,,,
,OUTPT,,,,
,BHCLAF,,,,
,NST,,,,
,Y5N,,,,
,OCH,,,,
,PMGWOUND,,,,
,C.4M,,,,
,FBC,,,,
,MSC,,,,
,NAV CT,,,,
,4SSUR,,,,
,RADUSMAIN,,,,
,N.2E,,,,
,C.4LDOR,,,,
,WC,,,,
,MEDI,,,,
,SAMDAY,,,,
,F2W,,,,
,HDIC,,,,
,AMBL,,,,
,BICCT,,,,
,HBOWC,,,,
,BURMED,,,,
,D.SDCHOLD,,,,
,RT.N,,,,
,WSH,,,,
,PHPRE,,,,
,CATH 1,,,,
,WHH,,,,
,UNMERGE,,,,
,NEPJ,,,,
,4WST,,,,
,CBCO,,,,
,SJJU,,,,
,MLD,,,,
,5MS5E,,,,
,M SFHCLACO,,,,
,H.TEL,,,,
,EUO,,,,
,M SLEEP HO,,,,
,HIMN,,,,
,C.OPSURG,,,,
,ENDISIN,,,,
,DAHIP,,,,
,CLAB,,,,
,4A,,,,
,RADMN,,,,
,WEST WING,,,,
,C.5E,,,,
,HRSP,,,,
,GAS,,,,
,LAB UCHC,,,,
,ENDO/OP,,,,
,NEPHRO,,,,
,5S,,,,
,4E,,,,
,C.MSN,,,,
,HRAD,,,,
,CCL,,,,
,SP,,,,
,TELE1,,,,
,C.ENDO,,,,
,PHEDH,,,,
,CBW.US,,,,
,JD.LAB,,,,
,2NORTH,,,,
,M PR,,,,
,FCC,,,,
,IR,,,,
,JER,,,,
,ENPREREF,,,,
,OB/GYN,,,,
,MAMMO,,,,
,XRAY,,,,
,BBEH,,,,
,CDC,,,,
,1NENUOBS,,,,
,SPU,,,,
,MEDSURG1,,,,
,CMPBEDREQ,,,,
,PACU,,,,
,HH,,,,
,LAB.S,,,,
,PHEFT,,,,
,ORSCMMR,,,,
,GIMAGING,,,,
,MS4,,,,
,JP.MS,,,,
,2ORMAIN,,,,
,CBW.IIU,,,,
,NAV EKG,,,,
,C.FOODA,,,,
,COL.PUL,,,,
,AUD,,,,
,C.LAB,,,,
,LDR,,,,
,YASAS,,,,
,Y3W,,,,
,FB.SDS,,,,
,M.3W,,,,
,ENPREOB,,,,
,JD.SDS,,,,
,6WST,,,,
,FXOUTPRRACCOM,,,,
,TEL,,,,
,NEDDLT,,,,
,NAV RAD,,,,
,OBCLINIC,,,,
,RAON,,,,
,MED 3N,,,,
,H.TCU,,,,
,ER/OP,,,,
,ENSCHOB,,,,
,JLAB,,,,
,LDRP-OP,,,,
,TELE-CENTR,,,,
,3 SO NUR,,,,
,AHU,,,,
,CNI,,,,
,2EASTP,,,,
,FLUORO,,,,
,PCU 3S,,,,
,SUERDR,,,,
,LABBT,,,,
,C.PAPS,,,,
,M PAIN,,,,
,ONC,,,,
,GI LAB,,,,
,OBT,,,,
,ZZSENDIN,,,,
,3NE,,,,
,C.RADPV,,,,
,1NENUNUR,,,,
,PPH VACUNA,,,,
,GIO,,,,
,RHEU,,,,
,6SEL,,,,
,EDHIP,,,,
,SUR,,,,
,CP,,,,
,FCPNEURO,,,,
,N05B,,,,
,5ONC,,,,
,M ST,,,,
,CATH LAB V,,,,
,SCSER/OP,,,,
,UCEAST,,,,
,C.MAMM,,,,
,ENRESERV,,,,
,REC,,,,
,KCIC DEXA,,,,
,SCSMAMMO,,,,
,M OUTALCOH,,,,
,3EAST,,,,
,RHC-LAB,,,,
,N.NURSERY,,,,
,LL.MS,,,,
,C.3T,,,,
,2BH,,,,
,C.MTU,,,,
,BCP,,,,
,GMAHI,,,,
,EDREGSDC,,,,
,M SDC,,,,
,PCVCIMAG,,,,
,PAIN,,,,
,EMPHLTH,,,,
,M.CT,,,,
,L&D/OP,,,,
,M PSY,,,,
,SNS,,,,
,JP.SDS,,,,
,LAB.R,,,,
,D.SP,,,,
,HKI,,,,
,PPHC,,,,
,LABMN,,,,
,MADLABBHPM,,,,
,RME,,,,
,PULMONARY,,,,
,BURCT,,,,
,CSU,,,,
,M.RTH,,,,
,2B-ACE,,,,
,C.SPRAD,,,,
,DL.OB,,,,
,D.FANS,,,,
,4CH,,,,
,2NNU,,,,
,C.EDC,,,,
,MAMO-SONO,,,,
,CMPTRNSPT,,,,
,OR,,,,
,CATHEP,,,,
,ORIP,,,,
,2RSO,,,,
,C.7D,,,,
,RX STUDY,,,,
,HRIP,,,,
,C.5S,,,,
,C.4E,,,,
,3CH,,,,
,WOUNDCARE,,,,
,M CR,,,,
,FXREGRCR,,,,
,BUR/OP,,,,
,BAR,,,,
,ORPAIN,,,,
,MS2,,,,
,UCKC,,,,
,2E,,,,
,BARWHC3,,,,
,H6YA,,,,
,7EST PP/OB,,,,
,ORTHO 4S,,,,
,PCVCINTER,,,,
,PICC,,,,
,CC.LAB,,,,
,8EST,,,,
,OHCORT,,,,
,SLAB,,,,
,EDDISIN,,,,
,N.LD,,,,
,HYPER,,,,
,OLS,,,,
,CV,,,,
,5EAST,,,,
,ENSCHREF,,,,
,SKLAB7,,,,
,SCA,,,,
,SDAINP,,,,
,ULTRASND,,,,
,M.TBA,,,,
,C.LABSPEC,,,,
,SUATTDR,,,,
,5SOUTH,,,,
,NUCLEAR,,,,
,M OBS,,,,
,RADXRMAIN,,,,
,C.2E,,,,
,D.RT,,,,
,F1N,,,,
,PHEDDLT,,,,
,MS3,,,,
,DI.N,,,,
,DL.ENDO,,,,
,M.GI,,,,
,GT,,,,
,CLH,,,,
,NEPK,,,,
,NIC,,,,
,OBS,,,,
,AA,,,,
,CPU-OBS,,,,
,MEDSG2,,,,
,PRE,,,,
,H.NURSERY,,,,
,C.CATHLAB,,,,
,B3A,,,,
,PUL,,,,
,MED SURG,,,,
,5RNO,,,,
,C.MS4W,,,,
,SDC-PAIN,,,,
,EDSCHREF,,,,
,NPA,,,,
,H.PEDS,,,,
,HROP,,,,
,EDAGE,,,,
,SDSVAS,,,,
,ENSCHIN,,,,
,LABPAT,,,,
,C.PATHSPEC,,,,
,F2N,,,,
,SMA,,,,
,M.ULTRA,,,,
,D.NSY,,,,
,SEC-K,,,,
,KCIC CT,,,,
,VM.MS,,,,
,4MS4W,,,,
,M PCU,,,,
,MUS,,,,
,MEDSURG B,,,,
,NEPA,,,,
,OVERFLOW,,,,
,5 SOUTH,,,,
,KCIC US,,,,
,TELE,,,,
,VAS,,,,
,HEEG,,,,
,SUN.DIA,,,,
,DL.SDS,,,,
,N.CL,,,,
,D.CN,,,,
,C.EP,,,,
,NETRI,,,,
,FMAMMOTONE,,,,
,CENTRAL,,,,
,GMA,,,,
,NEPFCDU,,,,
,JP.OB,,,,
,INR,,,,
,M MS4PR,,,,
,FTE,,,,
,M ONCR,,,,
,MEDICAL,,,,
,N.EDINP,,,,
,CAR.REHAB,,,,
,C.PAT,,,,
,NAV LABSP,,,,
,LAB RH,,,,
,ENSCHSDC,,,,
,FXRRACCOM,,,,
,M LAB,,,,
,H.PSYCH,,,,
,BHFA,,,,
,M LDI,,,,
,PAS,,,,
,FBP,,,,
,N.5E,,,,
,POD,,,,
,3S,,,,
,SUS,,,,
,M ICU,,,,
,C.NUCL,,,,
,INPTSU,,,,
,2 SOUTH,,,,
,JONCCHEMO,,,,
,NBo,,,,
,EH,,,,
,ENPREIN,,,,
,GIL,,,,
,PHEDA,,,,
,HCAV,,,,
,HDOC,,,,
,J6S,,,,
,ENDEPSDC,,,,
,M SLEEP,,,,
,M OR,,,,
,PH3A,,,,
,MDS,,,,
,N.RAD,,,,
,N.LAB,,,,
,D.CT,,,,
,5 NORTH,,,,
,M SFHCCAPE,,,,
,MW.NSY,,,,
,D.M2,,,,
,M PLARAD,,,,
,N06A,,,,
,SCSCT,,,,
,D.SLEEP,,,,
,FB.OBCHECK,,,,
,DL.NSY,,,,
,BURLABSP,,,,
,SMU,,,,
,NSY,,,,
,4SOUTH,,,,
,BICRAD,,,,
,C.NEUR,,,,
,CC.SDS,,,,
,7EST NSY,,,,
,ENDISRCR,,,,
,ENPRERCR,,,,
,H.OPSURG,,,,
,EDDISINO,,,,
,MNOR,,,,
,RAD FUT,,,,
,SSVALF2,,,,
,FNS,,,,
,ENDISOB,,,,
,ICNU,,,,
,STU,,,,
,C.RAD1850,,,,
,D.MAMMO,,,,
,ZLAB.WCH,,,,
,M EKG,,,,
,2EAST,,,,
,JD.OB,,,,
,DSO,,,,
,HHS,,,,
,DELOUTLOC,,,,
,ENPENDDIS,,,,
,SONOGRAMA,,,,
,MS1,,,,
,BRMIMAGING,,,,
,RADPV,,,,
,GERO2,,,,
,ATC,,,,
,6WM,,,,
,COL.CAR,,,,
,C.4B,,,,
,INF,,,,
,INPGRE,,,,
,HIMC,,,,
,ESDC,,,,
,6 SOUTH,,,,
,F1NOP,,,,
,GRH,,,,
,HIMW,,,,
,OUT,,,,
,BSU,,,,
,2SOUTHHOLD,,,,
,LWOBS,,,,
,H2EA,,,,
,C.LABFOXMH,,,,
,MCHPEDS,,,,
,3 NORTH,,,,
,SKLAB4,,,,
,8EST NSY,,,,
,OBOR,,,,
,CARD,,,,
,GI,,,,
,FER,,,,
,M.PRE,,,,
,M PED,,,,
,C.3E,,,,
,FASU-ENDO,,,,
,N04,,,,
,M MSPAV,,,,
,CP SOUTH,,,,
,M MS5PR,,,,
,HOP,,,,
,M.TBA-CV,,,,
,CHICATH,,,,
,ELAB,,,,
,UTC,,,,
,LAB.WCP,,,,
,M WHC,,,,
,C.ONC,,,,
,SDA,,,,
,M.SUR,,,,
,T4-A,,,,
,D.NM,,,,
,4NOR,,,,
,OPS,,,,
,C.CPL,,,,
,M LABDRWCV,,,,
,SLPLAB,,,,
,CA,,,,
,SKLAB8,,,,
,FASU,,,,
,NEPGCP,,,,
,L&D,,,,
,2NW,,,,
,M CARPUL,,,,
,HPIC,,,,
,MEDSUR,,,,
,MFCC,,,,
,M INFU,,,,
,N05,,,,
,CT,,,,
,PNWHC3,,,,
,SHCH,,,,
,COL.LAB,,,,
,M SFHCSACK,,,,
,YCFC.O,,,,
,FXOUTPACCOM,,,,
,PAVB,,,,
,LAB.O,,,,
,2ANU,,,,
,D.PSYCH,,,,
,FB.OB,,,,
,SMI,,,,
,LD,,,,
,C.9S,,,,
,LIGHT,,,,
,2WR,,,,
,T RESPIRAT,,,,
,J4W,,,,
,OB,,,,
,XY,,,,
,NR2,,,,
,RADMRIMAIN,,,,
,D.MS,,,,
,EEG,,,,
,JRADUS-SUR,,,,
,SKLAB5,,,,
,ZMSC,,,,
,MOR,,,,
,CL,,,,
,3B,,,,
,M LAB REF,,,,
,JD.MS,,,,
,PP1,,,,
,FXREGSDC,,,,
,N.2W,,,,
,WWCWWP,,,,
,TRG,,,,
,C.LABCC,,,,
,PF,,,,
,3RD,,,,
,CDED,,,,
,C.NSYI,,,,
,FXSVC,,,,
,EDSCHIN,,,,
,JSAMEDAYSX,,,,
,MW.MS,,,,
,WI,,,,
,ZZSTITCHES,,,,
,OPSVCIP,,,,
,SCSMRI,,,,
,BC,,,,
,H260,,,,
,2NB,,,,
,3W,,,,
,GMAJ,,,,
,C.ULTRBC,,,,
,D.LDO,,,,
,RES,,,,
,LDRO,,,,
,1WEST,,,,
,SLR,,,,
,WFO,,,,
,SURG1,,,,
,M LABDRAWC,,,,
,MS,,,,
,XYW,,,,
,ZCOL.LAB,,,,
,MADULT,,,,
,ST,,,,
,SL,,,,
,COL.CR,,,,
,H.L&D,,,,
,C.PET,,,,
,JDEL,,,,
,CR3,,,,
,LAB SRC,,,,
,3BH,,,,
,NEPB,,,,
,CHF HDHVI,,,,
,WSST,,,,
,REHABPT,,,,
,ENRESERVDT,,,,
,DOU IN ICU,,,,
,HECH,,,,
,DCC,,,,
,M SHH,,,,
,MOI US,,,,
,SCN,,,,
,M ADMPAT,,,,
,2A,,,,
,NSYII,,,,
,INTOOBSV,,,,
,M WUC,,,,
,BICMRI,,,,
,KCIC,,,,
,OBSVTOIN,,,,
,M PT,,,,
,N.OB,,,,
,RECOVERY,,,,
,SPEC,,,,
,SUR 3N,,,,
,T4-B,,,,
,CC.MS,,,,
,J3W,,,,
,PH3B,,,,
,MEDSURG,,,,
,WS,,,,
,N.CC,,,,
,CARDMN,,,,
,J2W,,,,
,REHABU,,,,
,N07B,,,,
,SRC,,,,
,ENDO,,,,
,FXREGER,,,,
,PCVCCLINIC,,,,
,MHCPAIN,,,,
,D.ECHO,,,,
,PRE IP,,,,
,MRI,,,,
,EXP,,,,
,SLP,,,,
,2ND-WCNRSY,,,,
,SUPCPDR,,,,
,MHTC,,,,
,3RNO,,,,
,BFHH,,,,
,FLACT,,,,
,RADCTMAIN,,,,
,C.EDD,,,,
,CVU,,,,
,3N,,,,
,CAT,,,,
,D.LD,,,,
,CC1,,,,
,MOI MAM,,,,
,M.PC,,,,
,ACU,,,,
,M IRPRO,,,,
,HEND,,,,
,HW VAS,,,,
,SSVSNF3,,,,
,B2X,,,,
,KA.MS,,,,
,2AH,,,,
,GMAJS,,,,
,NU2,,,,
,MWLC DTY,,,,
,OPONC,,,,
,EDSCHRCR,,,,
,SIC,,,,
,OBIP,,,,
,MC.RAD,,,,
,M SMT,,,,
,NR1,,,,
,D.CATH,,,,
,M SFHCWAGY,,,,
,JASU-ENDO,,,,
,1SOBS,,,,
,J3WN,,,,
,3SCARD,,,,
,PETCFH,,,,
,MED/SURG2,,,,
,FXDISDT,,,,
,DELPENDDIS,,,,
,NC,,,,
,XRY,,,,
,7WST,,,,
,3EI,,,,
,2NA,,,,
,MCHOB,,,,
,GMAE,,,,
,GPS,,,,
,NYH,,,,
,REH,,,,
,N07,,,,
,PPHC LAB,,,,
,CATHLAB,,,,
,CARDREHAB,,,,
,MED/SURG,,,,
,EDDEPSDC,,,,
,EDSCHSDC,,,,
,BICMAMMO,,,,
,OREAST,,,,
,F3E,,,,
,ZZSLMC,,,,
,L-D,,,,
,PNCL,,,,
,5WEST,,,,
,MSI,,,,
,FCATH,,,,
,DTY/OP,,,,
,HNUR,,,,
,COL.CARD,,,,
,PACUH,,,,
,OPR,,,,
,CATHLABREC,,,,
,TELE-TD,,,,
,PACU V,,,,
,ZZHEALTHFA,,,,
,JCC,,,,
,5EST,,,,
,OPWC,,,,
,5,,,,
,M.ORTHSURG,,,,
,MERGE,,,,
,OLAB,,,,
,SDCO,,,,
,NUR,,,,
,FXREGREF,,,,
,N06,,,,
,C.ACU,,,,
,H2E,,,,
,3SUR,,,,
,SRCNTR,,,,
,REHABCR,,,,
,ASU,,,,
,SEN,,,,
,OPMED,,,,
,D.M3,,,,
,8 EST LDRP,,,,
,EDREGCLI,,,,
,ENPREER,,,,
,4W,,,,
,AMB-ENDOS,,,,
,DU,,,,
,D.MRI,,,,
,3SE,,,,
,SCT,,,,
,MNS,,,,
,H.CCIS,,,,
,WSOT,,,,
,D.WS,,,,
,C.LABUPHEI,,,,
,CRE,,,,
,SKLAB6,,,,
,EDDEPREF,,,,
,HPC,,,,
,EDNAM,,,,
,LABW,,,,
,3OBS,,,,
,DAH,,,,
,M.RAD,,,,
,FXADMDR,,,,
,M.LAB,,,,
,MCHNUR,,,,
,SSU,,,,
,PMG,,,,
,HCIS,,,,
,5RSO,,,,
,MLB,,,,
,H.REHABAC,,,,
,D.LABREF,,,,
,3WST,,,,
,C.LABPVFM,,,,
,H4EA,,,,
,OT,,,,
,GMAH,,,,
,MADRAD,,,,
,3A,,,,
,VM.SDS,,,,
,1 SOUTH,,,,
,ONC/OP,,,,
,DIET,,,,
,OBOP,,,,
,SUPIMAGING,,,,
,M.INFUS,,,,
,SGI,,,,
,SNM,,,,
,MW.SDS,,,,
,UNDOADMIN,,,,
,DX,,,,
,EOR,,,,
,M.SLEEPLAB,,,,
,PP2,,,,
,PAS IN,,,,
,OBSVTIME,,,,
,ACUTE CARE,,,,
,MW.OBCHECK,,,,
,N06B,,,,
,C.MS2W,,,,
,DSVR,,,,
,MI,,,,
,IPR,,,,
,GPSOV,,,,
,TOP,,,,
,C.LABBC,,,,
,PIC,,,,
,ADM,,,,
,OCC,,,,
,3MHU,,,,
,PRE-OP,,,,
,N.CVR,,,,
,MSR,,,,
,N07A,,,,
,HCVO,,,,
,M LABSMT,,,,
,CATH LAB,,,,
,HCPC,,,,
,2NENU,,,,
,2N,,,,
,UNDOADMOB,,,,
,N.LDOUT,,,,
,REHABSP,,,,
,Y6N,,,,
,IVINF,,,,
,H2EB,,,,
,RADPROMAIN,,,,
,J8W,,,,
,RAD 501,,,,
,M SFHCLERA,,,,
,PLD,,,,
,SC,,,,
,PET,,,,
,END,,,,
,MRD,,,,
,C.9E,,,,
,C.4D,,,,
,4N,,,,
,C.MED,,,,
,PLAB,,,,
,M.NUC,,,,
,C.9I,,,,
,ENSCHRCR,,,,
,5TH,,,,
,GMATM,,,,
,EDLOC,,,,
,D.REHAB,,,,
,J3N,,,,
,C.MS4N,,,,
,C/S,,,,
,FOBOP,,,,
,JRADIR,,,,
,6S,,,,
,SCU,,,,
,SUFAMDR,,,,
,FXACCOM,,,,
,NN,,,,
,PCU,,,,
,SPVIMAG,,,,
,2WESTNUR,,,,
,H270,,,,
,M LABDRWAD,,,,
,M LABNEURO,,,,
,C.6T,,,,
,FM/S,,,,
,N.TELES,,,,
,ORM,,,,
,MADLAB,,,,
,3RSO,,,,
,JONCNONCHE,,,,
,2W,,,,
,MED/SURG3,,,,
,LABMAIN,,,,
,TRCU,,,,
,NAV ACUTE,,,,
,H7ONC,,,,
,C.OR,,,,
,SDC,,,,
,2WEST,,,,
,C.CTS,,,,
,SBRMNEURO,,,,
,LR,,,,
,M.WC,,,,
,HCAT,,,,
,TELE-WESTW,,,,
,JP.SDSSCHI,,,,
,MMU,,,,
,LABPRL,,,,
,ULS,,,,
,FCP,,,,
,3NMEDONC,,,,
,HIME,,,,
,ADULT MH,,,,
,SCSEROBS,,,,
,JP.OBCHECK,,,,
,ER-OR,,,,
,HW HEART,,,,
,BREH,,,,
,C.LABVPSUW,,,,
,1E,,,,
